Date,Temp_Min,Temp_Max,Temp_Avg,Humidity,Rain,Sunshine,Wind_Max,Wind_Avg,Weather_Class
2024-01-01,20.8,30.0,25.3,81.0,37.1,4.1,3.0,0.0,Moderate Rain
2024-01-02,22.4,30.4,25.6,82.0,3.8,2.7,1.0,0.0,Light Rain
2024-01-03,22.4,28.8,24.9,83.0,6.4,1.1,3.0,1.0,Light Rain
2024-01-04,22.0,26.8,22.5,91.0,1.6,1.4,2.0,0.0,Light Rain
2024-01-05,20.2,29.6,23.9,82.0,32.5,0.0,5.0,0.0,Moderate Rain
2024-01-06,20.2,28.2,23.4,87.0,22.5,3.6,1.0,0.0,Moderate Rain
2024-01-07,20.6,28.4,22.8,90.0,9.3,0.3,1.0,0.0,Light Rain
2024-01-08,20.0,28.4,23.8,85.0,37.2,2.8,2.0,0.0,Moderate Rain
2024-01-09,21.7,30.7,23.5,86.0,2.8,3.3,4.0,0.0,Light Rain
2024-01-10,20.6,29.2,23.6,88.0,14.3,3.0,3.0,0.0,Light Rain
2024-01-11,20.6,29.4,22.9,91.0,61.7,3.6,3.0,0.0,Heavy Rain
2024-01-12,20.6,29.4,24.5,76.0,49.3,1.0,3.0,0.0,Moderate Rain
2024-01-13,20.4,30.6,24.7,76.0,24.6,3.2,2.0,0.0,Moderate Rain
2024-01-14,19.9,30.8,25.6,74.0,0.0,3.5,4.0,1.0,Cloudy
2024-01-15,22.2,31.4,25.4,75.0,0.0,6.6,3.0,0.0,Partly Cloudy
2024-01-16,21.5,31.0,25.9,70.0,0.6,4.9,4.0,1.0,Light Rain
2024-01-17,17.9,29.6,24.9,76.0,1.3,5.9,5.0,2.0,Light Rain
2024-01-18,22.4,31.4,24.0,79.0,1.9,0.5,4.0,1.0,Light Rain
2024-01-19,21.1,27.2,22.7,82.0,15.0,0.0,3.0,1.0,Light Rain
2024-01-20,21.0,29.8,24.5,71.0,5.3,1.2,3.0,1.0,Light Rain
2024-01-21,21.4,29.8,24.7,75.0,0.3,4.0,5.0,1.0,Light Rain
2024-01-22,22.0,29.4,24.4,75.0,11.6,4.8,4.0,2.0,Light Rain
2024-01-23,21.2,28.6,24.5,77.0,2.5,2.2,3.0,0.0,Light Rain
2024-01-24,21.8,28.4,24.2,77.0,5.1,1.5,4.0,1.0,Light Rain
2024-01-25,20.4,32.0,26.0,70.0,4.5,4.5,5.0,1.0,Light Rain
2024-01-26,21.6,31.8,25.4,74.0,0.3,7.6,5.0,1.0,Light Rain
2024-01-27,21.4,30.2,25.3,75.0,0.6,6.6,5.0,1.0,Light Rain
2024-01-28,21.4,29.2,25.4,74.0,0.3,7.3,5.0,2.0,Light Rain
2024-01-29,22.6,28.2,24.7,78.0,0.0,7.1,5.0,1.0,Cloudy
2024-01-30,21.2,29.4,24.8,80.0,0.3,3.4,6.0,2.0,Light Rain
2024-01-31,22.0,30.0,23.5,85.0,2.6,6.4,3.0,1.0,Light Rain
2024-02-01,19.9,30.0,24.2,81.0,10.8,4.5,3.0,1.0,Light Rain
2024-02-02,21.2,30.6,24.7,80.0,5.6,5.0,3.0,1.0,Light Rain
2024-02-03,20.6,31.0,24.0,80.0,17.4,4.4,6.0,1.0,Light Rain
2024-02-04,20.4,29.2,24.4,76.0,0.0,4.6,5.0,1.0,Partly Cloudy
2024-02-05,20.8,31.2,24.4,79.0,0.2,4.8,5.0,1.0,Light Rain
2024-02-06,20.8,28.4,23.5,78.0,3.6,5.4,5.0,1.0,Light Rain
2024-02-07,20.8,29.2,23.6,78.0,0.8,2.8,3.0,1.0,Light Rain
2024-02-08,21.0,31.4,25.7,72.0,0.5,2.8,5.0,1.0,Light Rain
2024-02-09,20.8,31.6,25.9,74.0,0.0,8.2,2.0,0.0,Sunny
2024-02-10,20.7,30.2,24.3,82.0,4.5,8.2,5.0,1.0,Light Rain
2024-02-11,21.0,30.4,24.7,79.0,9.0,4.0,5.0,1.0,Light Rain
2024-02-12,20.8,30.2,25.5,74.0,1.2,6.4,4.0,1.0,Light Rain
2024-02-13,20.6,30.6,25.5,74.0,0.6,8.6,4.0,1.0,Light Rain
2024-02-14,22.0,28.8,24.5,83.0,0.0,7.4,3.0,0.0,Cloudy
2024-02-15,21.8,29.4,23.6,86.0,2.8,1.3,4.0,0.0,Light Rain
2024-02-16,21.2,29.8,24.0,86.0,46.4,2.1,4.0,0.0,Moderate Rain
2024-02-17,21.4,29.8,23.9,87.0,7.3,3.3,3.0,0.0,Light Rain
2024-02-18,21.0,31.0,23.7,85.0,18.6,5.0,5.0,1.0,Light Rain
2024-02-19,20.4,29.6,24.5,84.0,26.3,5.5,3.0,0.0,Moderate Rain
2024-02-20,20.8,31.0,24.9,83.0,5.5,3.3,3.0,0.0,Light Rain
2024-02-21,21.0,31.0,24.5,81.0,10.9,5.1,4.0,1.0,Light Rain
2024-02-22,20.9,31.6,25.5,74.0,13.0,4.8,4.0,1.0,Light Rain
2024-02-23,20.8,31.2,25.6,75.0,6.5,7.8,4.0,1.0,Light Rain
2024-02-24,20.7,29.4,24.6,83.0,5.4,5.5,12.0,1.0,Light Rain
2024-02-25,22.0,28.4,23.8,85.0,29.0,3.9,3.0,0.0,Moderate Rain
2024-02-26,21.4,30.2,25.4,78.0,4.5,1.1,3.0,1.0,Light Rain
2024-02-27,21.2,31.6,24.9,82.0,0.2,6.3,4.0,0.0,Light Rain
2024-02-28,21.2,28.8,23.9,87.0,29.3,4.9,4.0,0.0,Moderate Rain
2024-02-29,21.6,29.0,24.7,83.0,8.2,0.5,3.0,1.0,Light Rain
2024-03-01,21.0,31.0,24.5,83.0,18.0,1.6,3.0,1.0,Light Rain
2024-03-02,21.3,30.8,24.3,83.0,27.8,4.4,4.0,1.0,Moderate Rain
2024-03-03,21.8,30.0,24.6,80.0,4.8,5.0,4.0,1.0,Light Rain
2024-03-04,21.4,29.6,24.7,81.0,0.2,2.8,2.0,0.0,Light Rain
2024-03-05,21.5,30.6,24.7,85.0,4.8,3.2,6.0,1.0,Light Rain
2024-03-06,21.8,30.8,24.5,88.0,11.1,3.7,3.0,0.0,Light Rain
2024-03-07,21.6,29.4,24.6,85.0,20.2,4.1,2.0,0.0,Moderate Rain
2024-03-08,21.4,30.4,25.1,76.0,1.3,1.4,5.0,2.0,Light Rain
2024-03-09,21.8,25.8,22.6,84.0,5.2,4.0,3.0,1.0,Light Rain
2024-03-10,21.2,28.8,24.5,80.0,2.9,0.0,3.0,0.0,Light Rain
2024-03-11,21.4,28.0,24.1,81.0,0.4,0.5,6.0,2.0,Light Rain
2024-03-12,21.2,28.6,24.4,74.0,9.0,1.2,5.0,2.0,Light Rain
2024-03-13,20.5,26.6,23.8,83.0,0.3,6.3,4.0,1.0,Light Rain
2024-03-14,20.8,25.4,22.3,88.0,4.9,6.0,4.0,1.0,Light Rain
2024-03-15,21.0,27.4,23.2,81.0,26.7,0.3,4.0,1.0,Moderate Rain
2024-03-16,20.0,27.7,23.7,80.0,11.1,0.4,3.0,1.0,Light Rain
2024-03-17,21.0,26.2,23.0,82.0,3.2,4.7,4.0,1.0,Light Rain
2024-03-18,21.6,30.2,24.9,71.0,4.2,1.6,4.0,2.0,Light Rain
2024-03-19,21.2,32.2,25.5,59.0,0.0,7.9,5.0,1.0,Sunny
2024-03-20,19.3,32.4,25.7,57.0,0.0,8.9,4.0,1.0,Sunny
2024-03-21,19.7,32.0,25.7,66.0,0.0,8.7,4.0,1.0,Sunny
2024-03-22,19.4,29.8,24.9,78.0,0.0,8.4,2.0,0.0,Cloudy
2024-03-23,19.5,31.0,25.7,78.0,17.3,3.9,3.0,0.0,Light Rain
2024-03-24,21.2,31.6,26.0,76.0,1.0,4.5,3.0,0.0,Light Rain
2024-03-25,21.0,29.6,24.4,85.0,1.2,6.7,2.0,0.0,Light Rain
2024-03-26,21.2,29.2,24.9,82.0,32.1,4.0,2.0,0.0,Moderate Rain
2024-03-27,21.4,28.0,24.3,84.0,18.8,3.5,2.0,0.0,Light Rain
2024-03-28,20.8,29.0,23.6,84.0,4.3,3.0,2.0,0.0,Light Rain
2024-03-29,20.6,28.8,24.3,83.0,54.0,4.2,4.0,0.0,Heavy Rain
2024-03-30,21.0,32.6,25.9,76.0,8.2,4.2,3.0,0.0,Light Rain
2024-03-31,20.6,32.0,26.1,73.0,4.3,6.1,2.0,0.0,Light Rain
2024-04-01,20.4,30.4,24.8,81.0,0.4,6.8,3.0,0.0,Light Rain
2024-04-02,21.8,30.4,25.9,81.0,11.6,5.9,3.0,1.0,Light Rain
2024-04-03,21.4,30.8,25.4,81.0,5.6,6.0,3.0,0.0,Light Rain
2024-04-04,22.2,29.8,25.5,81.0,1.7,2.9,2.0,0.0,Light Rain
2024-04-05,22.2,30.0,27.0,72.0,3.0,4.9,3.0,1.0,Light Rain
2024-04-06,21.6,29.6,25.7,80.0,6.0,4.0,3.0,0.0,Light Rain
2024-04-07,21.8,31.4,26.3,73.0,9.0,4.2,5.0,1.0,Light Rain
2024-04-08,21.8,31.2,26.4,72.0,6.4,8.6,3.0,0.0,Light Rain
2024-04-09,21.6,27.6,24.3,83.0,3.8,4.7,1.0,0.0,Light Rain
2024-04-10,21.4,30.4,24.3,83.0,1.5,0.0,4.0,0.0,Light Rain
2024-04-11,20.8,30.4,24.9,83.0,11.0,4.4,2.0,0.0,Light Rain
2024-04-12,20.8,28.0,23.1,88.0,30.7,6.2,1.0,0.0,Moderate Rain
2024-04-13,20.2,31.0,26.1,75.0,20.8,2.5,2.0,0.0,Moderate Rain
2024-04-14,21.8,31.2,24.6,83.0,32.0,5.8,0.0,0.0,Moderate Rain
2024-04-15,22.3,30.0,25.5,81.0,43.2,4.3,3.0,0.0,Moderate Rain
2024-04-16,22.0,31.2,26.3,75.0,0.3,4.0,2.0,0.0,Light Rain
2024-04-17,22.0,31.8,26.5,72.0,2.1,7.7,6.0,1.0,Light Rain
2024-04-18,22.3,32.0,26.2,68.0,1.0,7.8,3.0,0.0,Light Rain
2024-04-19,22.4,29.9,24.4,79.0,0.0,7.4,1.0,0.0,Cloudy
2024-04-20,21.0,28.6,24.8,81.0,3.5,2.1,3.0,0.0,Light Rain
2024-04-21,21.4,30.4,24.2,84.0,1.1,2.4,4.0,0.0,Light Rain
2024-04-22,21.0,29.6,25.2,84.0,6.1,2.8,2.0,0.0,Light Rain
2024-04-23,20.8,28.0,24.7,84.0,15.4,5.4,1.0,0.0,Light Rain
2024-04-24,20.4,29.8,25.1,81.0,0.6,1.1,3.0,0.0,Light Rain
2024-04-25,22.2,29.9,24.8,85.0,1.9,1.1,2.0,0.0,Light Rain
2024-04-26,21.8,29.6,24.2,85.0,14.7,2.6,3.0,0.0,Light Rain
2024-04-27,21.0,29.4,24.4,84.0,19.0,3.2,0.0,0.0,Light Rain
2024-04-28,21.1,30.4,25.6,78.0,6.4,3.8,3.0,0.0,Light Rain
2024-04-29,22.0,32.0,26.7,75.0,6.1,6.4,4.0,1.0,Light Rain
2024-04-30,21.8,31.5,25.9,80.0,5.7,7.1,3.0,0.0,Light Rain
2024-05-01,21.8,30.0,26.1,81.0,5.4,5.2,2.0,0.0,Light Rain
2024-05-02,21.8,32.2,26.1,73.0,5.0,6.0,2.0,0.0,Light Rain
2024-05-03,22.0,32.0,26.2,73.0,3.9,5.3,2.0,0.0,Light Rain
2024-05-04,21.4,31.6,25.1,76.0,2.8,6.7,3.0,1.0,Light Rain
2024-05-05,21.2,31.2,25.5,72.0,1.7,6.4,5.0,0.0,Light Rain
2024-05-06,20.8,31.0,25.7,68.0,0.0,7.0,3.0,1.0,Sunny
2024-05-07,20.7,32.0,26.2,66.0,3.2,7.4,3.0,0.0,Light Rain
2024-05-08,20.6,31.4,25.7,73.0,6.4,8.0,2.0,0.0,Light Rain
2024-05-09,21.2,29.8,25.3,77.0,9.6,4.9,4.0,0.0,Light Rain
2024-05-10,20.6,31.2,25.8,74.0,0.2,5.3,3.0,0.0,Light Rain
2024-05-11,21.4,29.6,24.8,76.0,0.1,6.8,2.0,0.0,Light Rain
2024-05-12,21.6,32.1,26.2,73.0,0.0,3.4,3.0,1.0,Cloudy
2024-05-13,21.2,29.4,25.6,77.0,0.0,6.5,3.0,0.0,Partly Cloudy
2024-05-14,21.2,30.4,24.9,73.0,0.0,4.0,2.0,0.0,Partly Cloudy
2024-05-15,20.2,30.6,25.9,74.0,0.0,4.3,2.0,0.0,Partly Cloudy
2024-05-16,19.8,31.6,26.3,70.0,0.0,6.4,2.0,0.0,Partly Cloudy
2024-05-17,21.4,29.8,24.7,76.0,8.4,8.0,2.0,0.0,Light Rain
2024-05-18,20.6,30.2,25.2,75.0,16.8,5.5,3.0,0.0,Light Rain
2024-05-19,20.8,30.6,25.0,66.0,8.4,6.2,3.0,1.0,Light Rain
2024-05-20,21.4,31.0,25.9,70.0,0.0,6.4,2.0,0.0,Partly Cloudy
2024-05-21,20.6,30.7,26.2,74.0,0.0,5.8,3.0,1.0,Partly Cloudy
2024-05-22,21.2,30.6,26.0,74.0,0.0,5.6,2.0,0.0,Partly Cloudy
2024-05-23,21.6,31.0,25.8,78.0,0.1,4.7,3.0,0.0,Light Rain
2024-05-24,22.0,31.2,24.4,86.0,0.2,6.3,2.0,0.0,Light Rain
2024-05-25,22.2,26.4,24.0,86.0,34.7,1.1,1.0,0.0,Moderate Rain
2024-05-26,22.2,31.2,25.2,77.0,1.6,0.0,2.0,0.0,Light Rain
2024-05-27,21.0,31.6,26.3,74.0,0.8,4.5,3.0,0.0,Light Rain
2024-05-28,21.1,31.0,26.2,72.0,0.0,8.0,2.0,0.0,Sunny
2024-05-29,22.0,31.0,26.1,73.0,0.0,6.6,2.0,0.0,Partly Cloudy
2024-05-30,21.8,32.4,26.5,69.0,0.0,6.4,3.0,1.0,Partly Cloudy
2024-05-31,21.4,31.8,25.7,76.0,15.5,7.6,0.0,0.0,Light Rain
2024-06-01,21.5,28.6,24.4,83.0,31.0,5.8,3.0,0.0,Moderate Rain
2024-06-02,21.4,29.9,25.0,83.0,9.0,1.7,2.0,0.0,Light Rain
2024-06-03,20.8,29.0,23.9,83.0,11.3,2.6,0.0,0.0,Light Rain
2024-06-04,20.6,30.4,25.0,75.0,35.0,2.5,3.0,0.0,Moderate Rain
2024-06-05,20.0,31.2,25.1,71.0,23.3,5.8,4.0,1.0,Moderate Rain
2024-06-06,19.2,31.4,25.5,72.0,11.7,6.9,3.0,0.0,Light Rain
2024-06-07,19.0,29.0,24.7,76.0,0.0,7.4,1.0,0.0,Cloudy
2024-06-08,20.0,30.4,24.7,74.0,0.2,5.3,2.0,0.0,Light Rain
2024-06-09,20.0,30.0,24.5,77.0,0.0,7.2,4.0,1.0,Cloudy
2024-06-10,20.6,29.6,24.9,78.0,0.0,7.0,1.0,0.0,Cloudy
2024-06-11,20.2,29.7,24.5,81.0,0.0,3.5,2.0,1.0,Cloudy
2024-06-12,21.2,29.0,24.5,79.0,5.4,3.4,3.0,0.0,Light Rain
2024-06-13,21.2,28.6,24.1,81.0,1.4,5.9,3.0,0.0,Light Rain
2024-06-14,20.8,30.6,25.6,75.0,0.0,0.9,3.0,1.0,Cloudy
2024-06-15,21.2,31.2,25.3,79.0,0.0,7.5,2.0,0.0,Cloudy
2024-06-16,21.8,30.4,25.4,78.0,1.5,6.6,5.0,1.0,Light Rain
2024-06-17,20.8,30.6,25.1,71.0,0.8,5.4,3.0,0.0,Light Rain
2024-06-18,20.0,28.6,24.6,79.0,0.0,7.3,3.0,0.0,Cloudy
2024-06-19,19.8,29.8,24.7,72.0,0.0,2.7,2.0,0.0,Cloudy
2024-06-20,19.2,30.2,24.6,68.0,0.0,5.4,3.0,1.0,Partly Cloudy
2024-06-21,18.8,31.8,25.7,66.0,0.0,7.8,3.0,0.0,Sunny
2024-06-22,19.4,31.2,23.9,63.0,0.0,8.1,3.0,1.0,Sunny
2024-06-23,18.2,30.4,24.5,65.0,0.0,7.7,5.0,1.0,Sunny
2024-06-24,18.2,30.0,25.0,73.0,0.0,8.0,3.0,0.0,Sunny
2024-06-25,20.4,29.0,23.9,80.0,0.0,4.7,2.0,0.0,Partly Cloudy
2024-06-26,20.0,29.4,24.7,76.0,16.3,3.6,2.0,0.0,Light Rain
2024-06-27,19.8,28.8,24.9,80.0,0.0,5.0,1.0,0.0,Partly Cloudy
2024-06-28,20.2,29.4,24.6,82.0,8.5,4.7,3.0,0.0,Light Rain
2024-06-29,21.4,28.6,23.7,85.0,1.0,6.2,3.0,0.0,Light Rain
2024-06-30,20.8,29.4,25.2,78.0,36.2,4.2,2.0,0.0,Moderate Rain
2024-07-01,20.6,29.2,24.7,76.0,24.5,6.1,2.0,0.0,Moderate Rain
2024-07-02,20.2,27.8,24.1,80.0,12.7,6.6,2.0,0.0,Light Rain
2024-07-03,20.6,31.0,25.7,69.0,1.0,3.7,5.0,1.0,Light Rain
2024-07-04,21.0,26.6,23.0,82.0,0.0,8.1,3.0,0.0,Cloudy
2024-07-05,20.6,27.6,23.9,79.0,1.6,0.2,3.0,0.0,Light Rain
2024-07-06,20.8,27.6,22.3,87.0,5.7,1.2,4.0,0.0,Light Rain
2024-07-07,20.3,28.8,24.0,83.0,8.7,1.7,2.0,0.0,Light Rain
2024-07-08,19.7,29.2,24.2,73.9,4.4,5.5,4.0,1.0,Light Rain
2024-07-09,20.0,30.0,24.9,77.0,0.0,6.6,3.0,0.0,Partly Cloudy
2024-07-10,19.8,29.6,24.5,74.0,0.0,6.2,3.0,0.0,Partly Cloudy
2024-07-11,19.6,31.5,25.0,65.0,0.0,7.2,3.0,1.0,Sunny
2024-07-12,18.0,30.2,22.9,69.0,0.0,8.0,3.0,1.0,Sunny
2024-07-13,17.2,30.2,22.6,66.0,0.0,8.0,2.0,0.0,Sunny
2024-07-14,16.6,30.3,22.1,64.0,0.0,8.0,3.0,1.0,Sunny
2024-07-15,16.2,29.2,22.1,68.0,0.0,7.4,3.0,1.0,Sunny
2024-07-16,17.0,29.4,22.7,77.0,0.0,7.2,2.0,1.0,Cloudy
2024-07-17,18.9,30.3,23.2,77.0,0.0,8.0,2.0,0.0,Cloudy
2024-07-18,18.8,29.4,23.8,76.0,0.0,6.6,3.0,0.0,Partly Cloudy
2024-07-19,19.8,30.0,24.1,73.0,0.0,5.5,4.0,1.0,Partly Cloudy
2024-07-20,18.0,30.7,23.3,68.0,0.0,3.4,3.0,1.0,Cloudy
2024-07-21,17.6,31.6,23.8,66.0,0.0,8.0,3.0,1.0,Sunny
2024-07-22,18.4,32.8,24.2,69.0,0.0,8.0,4.0,1.0,Sunny
2024-07-23,19.4,30.4,24.0,70.0,0.0,8.0,3.0,1.0,Sunny
2024-07-24,21.6,30.4,25.2,67.0,0.0,8.0,2.0,0.0,Sunny
2024-07-25,20.0,28.4,23.2,76.0,0.0,6.2,4.0,0.0,Partly Cloudy
2024-07-26,18.8,30.8,24.3,71.0,0.0,4.9,2.0,0.0,Partly Cloudy
2024-07-27,18.5,31.1,24.2,69.0,0.0,7.5,3.0,0.0,Sunny
2024-07-28,18.6,30.6,24.3,72.0,0.0,7.6,3.0,1.0,Sunny
2024-07-29,19.0,30.3,23.7,72.0,0.0,7.8,2.0,1.0,Sunny
2024-07-30,18.6,30.8,24.3,69.0,0.0,7.5,2.0,0.0,Sunny
2024-07-31,17.9,31.1,24.4,69.0,0.0,7.5,2.0,0.0,Sunny
2024-08-01,19.0,29.9,23.9,76.0,0.0,7.5,5.0,1.0,Cloudy
2024-08-02,20.2,29.2,23.9,80.0,6.4,5.7,3.0,0.0,Light Rain
2024-08-03,20.5,29.2,23.7,85.0,38.0,5.7,3.0,1.0,Moderate Rain
2024-08-04,20.2,31.1,24.5,74.0,8.8,4.0,3.0,1.0,Light Rain
2024-08-05,19.4,31.4,24.4,66.0,4.4,8.0,2.0,1.0,Light Rain
2024-08-06,19.0,31.4,24.1,68.0,0.0,8.0,4.0,0.0,Sunny
2024-08-07,19.6,32.1,24.2,65.0,0.0,8.0,2.0,0.0,Sunny
2024-08-08,19.4,29.8,23.5,76.0,0.0,6.9,4.0,1.0,Partly Cloudy
2024-08-09,19.8,30.6,24.9,73.0,0.0,2.5,3.0,0.0,Cloudy
2024-08-10,19.6,31.0,24.7,72.0,0.0,6.4,3.0,0.0,Partly Cloudy
2024-08-11,20.2,31.2,24.7,69.0,0.0,7.7,2.0,0.0,Sunny
2024-08-12,19.2,29.8,23.8,61.0,0.0,7.0,3.0,1.0,Sunny
2024-08-13,18.4,31.6,24.1,67.0,0.0,5.7,3.0,1.0,Partly Cloudy
2024-08-14,18.0,31.6,23.9,71.0,0.0,7.9,3.0,1.0,Sunny
2024-08-15,17.8,31.6,24.4,67.0,0.0,7.4,3.0,0.0,Sunny
2024-08-16,19.2,30.2,24.3,70.0,0.0,7.4,4.0,1.0,Sunny
2024-08-17,21.2,31.0,25.2,70.0,0.0,7.4,2.0,0.0,Sunny
2024-08-18,20.0,32.1,25.2,65.0,0.0,5.6,3.0,1.0,Partly Cloudy
2024-08-19,18.7,33.6,25.0,67.0,0.0,7.7,3.0,0.0,Sunny
2024-08-20,19.2,32.6,25.0,68.0,0.0,8.0,4.0,1.0,Sunny
2024-08-21,19.8,32.4,25.1,71.0,0.0,7.9,2.0,0.0,Sunny
2024-08-22,19.2,31.4,24.9,71.0,0.0,8.0,5.0,1.0,Sunny
2024-08-23,20.5,31.0,25.4,75.0,0.0,6.4,2.0,0.0,Partly Cloudy
2024-08-24,20.4,32.6,24.8,67.0,0.0,6.0,4.0,1.0,Partly Cloudy
2024-08-25,19.2,29.8,23.8,70.0,0.0,8.0,5.0,1.0,Sunny
2024-08-26,19.2,31.2,24.5,71.0,0.0,7.7,3.0,1.0,Sunny
2024-08-27,19.8,31.6,24.5,65.0,0.0,8.0,3.0,1.0,Sunny
2024-08-28,18.6,32.6,24.6,63.0,0.0,8.0,3.0,1.0,Sunny
2024-08-29,19.2,32.0,25.1,66.0,0.0,8.0,3.0,1.0,Sunny
2024-08-30,19.2,32.2,25.1,57.0,0.0,5.6,2.0,0.0,Partly Cloudy
2024-08-31,19.4,32.8,25.1,64.0,0.0,8.0,3.0,1.0,Sunny
2024-09-01,19.2,31.6,26.1,74.0,0.0,7.7,2.0,1.0,Sunny
2024-09-02,22.2,32.6,26.6,74.0,1.5,6.8,2.0,1.0,Light Rain
2024-09-03,19.4,32.2,24.9,68.0,1.0,6.3,4.0,1.0,Light Rain
2024-09-04,19.6,32.0,25.1,67.0,0.5,8.0,3.0,0.0,Light Rain
2024-09-05,20.2,30.2,25.0,79.0,0.0,8.0,4.0,1.0,Cloudy
2024-09-06,21.4,32.2,25.9,72.0,0.0,5.0,4.0,2.0,Partly Cloudy
2024-09-07,21.2,32.0,25.2,67.0,0.0,8.0,4.0,1.0,Sunny
2024-09-08,21.2,30.6,25.1,75.0,0.0,8.0,3.0,1.0,Cloudy
2024-09-09,21.9,31.7,23.6,84.0,6.8,4.2,3.0,1.0,Light Rain
2024-09-10,20.1,27.4,23.1,87.0,13.5,8.0,2.0,0.0,Light Rain
2024-09-11,20.0,30.0,24.0,79.0,63.4,2.9,3.0,1.0,Heavy Rain
2024-09-12,20.7,32.9,25.7,68.0,31.7,1.3,3.0,1.0,Moderate Rain
2024-09-13,20.4,31.6,25.0,65.0,0.0,8.0,5.0,1.0,Sunny
2024-09-14,19.0,32.0,24.2,65.0,0.0,7.7,3.0,1.0,Sunny
2024-09-15,16.8,31.5,24.5,63.0,0.0,7.3,3.0,1.0,Sunny
2024-09-16,19.3,32.0,24.7,58.0,0.0,7.2,4.0,1.0,Sunny
2024-09-17,19.6,31.6,25.4,50.0,0.0,8.0,3.0,1.0,Sunny
2024-09-18,18.4,31.6,24.1,59.0,0.0,8.0,3.0,1.0,Sunny
2024-09-19,18.2,32.0,24.0,60.0,0.0,8.0,4.0,0.0,Sunny
2024-09-20,18.5,32.4,25.2,68.0,0.0,8.0,3.0,1.0,Sunny
2024-09-21,20.2,32.1,25.6,71.0,0.0,8.0,6.0,1.0,Sunny
2024-09-22,20.2,32.4,26.4,73.0,0.0,8.0,5.0,1.0,Sunny
2024-09-23,22.2,28.4,25.6,80.0,4.6,7.6,0.0,0.0,Light Rain
2024-09-24,22.6,33.1,23.6,88.0,9.2,0.6,1.0,0.0,Light Rain
2024-09-25,20.7,30.8,24.1,84.0,17.1,2.5,3.0,0.0,Light Rain
2024-09-26,20.8,30.2,24.0,78.0,28.0,4.4,4.0,0.0,Moderate Rain
2024-09-27,20.2,31.0,24.5,82.0,2.5,5.1,2.0,0.0,Light Rain
2024-09-28,20.2,31.6,26.1,76.0,0.3,5.7,3.0,0.0,Light Rain
2024-09-29,21.2,30.4,25.2,81.0,0.0,6.0,4.0,1.0,Partly Cloudy
2024-09-30,21.0,32.3,25.7,72.0,0.0,5.3,4.0,1.0,Partly Cloudy
2024-10-01,20.4,32.8,26.2,69.0,0.0,8.0,3.0,1.0,Sunny
2024-10-02,21.4,31.0,26.1,77.0,0.0,7.0,2.0,0.0,Cloudy
2024-10-03,21.4,30.2,24.9,79.0,0.0,4.8,3.0,1.0,Partly Cloudy
2024-10-04,21.6,31.0,24.9,79.0,0.0,4.7,2.0,1.0,Partly Cloudy
2024-10-05,21.2,30.8,24.7,79.0,4.0,3.9,2.0,0.0,Light Rain
2024-10-06,20.8,32.0,25.5,72.0,6.8,5.2,3.0,1.0,Light Rain
2024-10-07,20.6,33.2,26.7,68.0,0.0,8.0,3.0,1.0,Sunny
2024-10-08,20.5,32.4,26.8,69.0,0.0,8.0,4.0,1.0,Sunny
2024-10-09,21.2,32.1,26.0,73.0,0.0,7.6,4.0,0.0,Sunny
2024-10-10,21.1,30.6,24.8,79.0,0.0,5.9,2.0,0.0,Partly Cloudy
2024-10-11,20.8,33.0,25.7,75.0,11.3,5.1,5.0,1.0,Light Rain
2024-10-12,20.4,32.7,26.0,73.0,0.0,7.4,3.0,1.0,Sunny
2024-10-13,21.2,33.4,26.2,73.0,0.0,8.0,5.0,1.0,Sunny
2024-10-14,21.2,33.6,25.8,74.0,0.0,7.0,3.0,1.0,Sunny
2024-10-15,20.8,34.1,27.1,66.0,0.9,6.0,3.0,1.0,Light Rain
2024-10-16,21.8,33.6,26.6,49.0,0.0,6.7,3.0,0.0,Partly Cloudy
2024-10-17,18.2,34.2,24.3,63.0,0.0,8.0,2.0,1.0,Sunny
2024-10-18,18.8,32.3,24.7,70.0,0.0,8.0,2.0,1.0,Sunny
2024-10-19,19.2,31.0,24.6,72.0,0.0,8.0,4.0,1.0,Sunny
2024-10-20,20.6,32.4,25.4,71.0,0.0,5.4,5.0,1.0,Partly Cloudy
2024-10-21,21.4,32.2,25.2,75.0,0.0,6.4,3.0,1.0,Partly Cloudy
2024-10-22,21.4,33.2,25.3,74.0,0.0,6.3,4.0,0.0,Partly Cloudy
2024-10-23,21.6,33.2,26.2,76.0,0.0,7.3,2.0,1.0,Cloudy
2024-10-24,22.0,33.0,25.0,82.0,6.4,4.4,3.0,0.0,Light Rain
2024-10-25,21.8,32.6,25.1,79.0,12.8,7.0,2.0,0.0,Light Rain
2024-10-26,20.8,33.0,25.1,78.0,6.5,8.0,2.0,0.0,Light Rain
2024-10-27,20.6,31.4,25.8,80.0,0.2,6.5,4.0,1.0,Light Rain
2024-10-28,21.0,32.6,25.1,80.0,11.3,5.5,4.0,0.0,Light Rain
2024-10-29,20.6,34.5,26.5,72.0,9.0,7.1,3.0,1.0,Light Rain
2024-10-30,20.8,34.4,26.5,62.0,0.0,8.0,4.0,1.0,Sunny
2024-10-31,20.2,32.2,24.8,79.0,0.0,8.0,2.0,1.0,Cloudy
2024-11-01,21.0,30.4,23.8,86.0,31.5,5.7,2.0,0.0,Moderate Rain
2024-11-02,20.4,30.5,23.9,85.0,11.5,2.2,2.0,0.0,Light Rain
2024-11-03,21.0,29.4,23.7,88.0,3.9,3.8,3.0,0.0,Light Rain
2024-11-04,20.8,29.0,23.5,89.0,6.3,4.3,3.0,0.0,Light Rain
2024-11-05,20.8,31.2,24.2,86.0,8.7,1.5,3.0,1.0,Light Rain
2024-11-06,20.4,29.4,24.3,83.0,5.9,4.9,4.0,0.0,Light Rain
2024-11-07,20.6,32.2,24.4,77.0,0.0,3.5,2.0,0.0,Cloudy
2024-11-08,20.8,30.6,24.6,86.0,28.4,4.6,3.0,0.0,Moderate Rain
2024-11-09,21.2,32.0,24.0,87.0,0.2,4.3,2.0,0.0,Light Rain
2024-11-10,21.4,30.2,24.0,89.0,14.2,4.0,4.0,0.0,Light Rain
2024-11-11,21.2,29.8,22.8,96.0,28.3,2.3,2.0,0.0,Moderate Rain
2024-11-12,20.0,29.2,22.3,94.0,43.4,2.3,3.0,1.0,Moderate Rain
2024-11-13,20.0,30.6,24.1,87.0,29.5,3.0,1.0,0.0,Moderate Rain
2024-11-14,19.6,31.4,25.1,75.0,0.0,5.0,3.0,0.0,Partly Cloudy
2024-11-15,20.1,30.8,24.5,81.0,0.0,3.3,2.0,0.0,Cloudy
2024-11-16,21.8,30.8,24.5,85.0,10.2,3.3,2.0,0.0,Light Rain
2024-11-17,21.0,30.0,23.5,91.0,6.2,0.9,2.0,0.0,Light Rain
2024-11-18,20.6,29.4,23.2,94.0,27.7,3.5,3.0,0.0,Moderate Rain
2024-11-19,20.6,31.0,23.1,92.0,39.3,3.9,2.0,0.0,Moderate Rain
2024-11-20,20.6,29.2,23.5,92.0,27.0,4.4,4.0,0.0,Moderate Rain
2024-11-21,21.0,29.6,23.6,93.0,38.6,4.0,2.0,0.0,Moderate Rain
2024-11-22,20.2,30.4,23.4,90.0,5.6,3.3,4.0,0.0,Light Rain
2024-11-23,20.4,30.4,24.3,89.0,41.2,4.0,3.0,0.0,Moderate Rain
2024-11-24,21.0,30.2,23.0,94.0,24.8,4.6,3.0,0.0,Moderate Rain
2024-11-25,20.4,30.6,24.1,88.0,10.7,2.4,1.0,0.0,Light Rain
2024-11-26,20.6,31.9,24.4,92.0,3.7,2.9,2.0,0.0,Light Rain
2024-11-27,21.8,30.0,23.3,94.0,7.2,3.1,2.0,0.0,Light Rain
2024-11-28,20.9,30.0,24.1,89.0,31.1,1.7,4.0,1.0,Moderate Rain
2024-11-29,21.4,31.8,25.0,84.0,13.0,2.6,2.0,1.0,Light Rain
2024-11-30,21.2,32.8,25.2,82.0,0.0,4.7,3.0,0.0,Partly Cloudy
2024-12-01,21.9,31.4,24.5,86.0,5.5,4.6,4.0,0.0,Light Rain
2024-12-02,21.8,28.7,24.1,87.0,15.4,3.8,3.0,1.0,Light Rain
2024-12-03,21.8,27.8,23.8,86.0,16.0,0.3,3.0,1.0,Light Rain
2024-12-04,21.4,26.4,22.3,95.0,16.5,0.0,3.0,0.0,Light Rain
2024-12-05,21.2,29.8,23.8,90.0,9.5,0.0,3.0,1.0,Light Rain
2024-12-06,20.8,30.4,24.4,86.0,12.0,1.5,4.0,1.0,Light Rain
2024-12-07,21.8,31.0,24.4,85.0,6.0,4.0,3.0,1.0,Light Rain
2024-12-08,21.4,30.4,25.1,84.0,0.0,4.2,4.0,1.0,Partly Cloudy
2024-12-09,21.5,29.6,22.8,90.0,3.9,6.3,5.0,1.0,Light Rain
2024-12-10,21.6,31.4,25.6,79.0,0.3,0.2,4.0,1.0,Light Rain
2024-12-11,22.0,31.0,25.1,79.0,0.6,4.2,3.0,1.0,Light Rain
2024-12-12,21.4,31.6,25.1,80.0,1.4,6.4,3.0,1.0,Light Rain
2024-12-13,22.2,30.2,26.0,73.0,0.0,6.4,5.0,1.0,Partly Cloudy
2024-12-14,22.4,29.6,23.6,87.0,0.3,8.0,5.0,1.0,Light Rain
2024-12-15,22.2,29.4,24.5,90.0,5.2,0.1,7.0,1.0,Light Rain
2024-12-16,22.8,31.0,25.1,81.0,1.0,1.5,4.0,1.0,Light Rain
2024-12-17,22.0,32.4,25.4,82.0,2.5,4.4,2.0,1.0,Light Rain
2024-12-18,22.0,27.2,23.3,89.0,2.8,4.3,3.0,1.0,Light Rain
2024-12-19,20.8,31.0,24.9,81.0,6.9,1.0,4.0,1.0,Light Rain
2024-12-20,20.8,30.6,24.9,85.0,1.0,6.8,5.0,2.0,Light Rain
2024-12-21,21.7,30.6,25.1,77.0,0.8,5.9,4.0,1.0,Light Rain
2024-12-22,21.4,30.4,25.2,81.0,0.5,1.6,3.0,1.0,Light Rain
2024-12-23,22.0,28.8,24.4,84.0,0.0,5.4,4.0,1.0,Partly Cloudy
2024-12-24,22.0,29.4,24.6,81.0,0.9,2.0,5.0,1.0,Light Rain
2024-12-25,21.8,29.8,23.9,79.0,1.9,0.6,7.0,1.0,Light Rain
2024-12-26,21.6,30.8,25.2,75.0,2.8,2.0,4.0,1.0,Light Rain
2024-12-27,22.2,32.8,26.3,70.0,0.0,4.9,4.0,1.0,Partly Cloudy
2024-12-28,22.0,30.8,25.8,70.0,1.5,5.8,3.0,1.0,Light Rain
2024-12-29,22.4,30.8,25.3,78.0,0.1,3.5,4.0,1.0,Light Rain
2024-12-30,22.4,30.0,24.7,76.0,0.0,1.9,5.0,2.0,Cloudy
2024-12-31,21.6,29.4,24.4,73.0,1.2,3.7,3.0,1.0,Light Rain
2025-01-01,21.6,32.8,25.0,75.0,2.3,1.3,4.0,1.0,Light Rain
2025-01-02,21.2,33.4,25.9,60.0,3.5,6.5,6.0,1.0,Light Rain
2025-01-03,21.2,32.8,26.3,73.0,0.3,8.0,3.0,1.0,Light Rain
2025-01-04,22.0,31.8,25.0,75.0,0.0,8.0,3.0,0.0,Cloudy
2025-01-05,22.0,30.6,25.6,72.0,3.2,5.3,2.0,0.0,Light Rain
2025-01-06,20.6,32.4,24.5,78.0,0.0,3.5,3.0,0.0,Cloudy
2025-01-07,20.2,31.0,28.2,69.0,26.9,5.7,5.0,1.0,Moderate Rain
2025-01-08,20.6,30.4,24.9,79.0,0.0,8.0,3.0,1.0,Cloudy
2025-01-09,22.2,26.4,23.2,86.0,2.2,3.5,3.0,1.0,Light Rain
2025-01-10,21.8,31.0,25.3,79.0,4.2,0.0,5.0,1.0,Light Rain
2025-01-11,21.8,30.4,24.5,86.0,6.2,5.9,4.0,1.0,Light Rain
2025-01-12,21.2,31.2,23.8,81.0,1.8,5.3,4.0,1.0,Light Rain
2025-01-13,22.6,31.6,25.6,70.0,1.1,3.5,5.0,1.0,Light Rain
2025-01-14,22.6,30.8,24.5,83.0,0.0,5.3,4.0,1.0,Partly Cloudy
2025-01-15,21.2,31.2,25.3,81.0,5.5,3.5,3.0,1.0,Light Rain
2025-01-16,22.4,31.4,25.5,75.0,0.0,5.7,4.0,1.0,Partly Cloudy
2025-01-17,22.2,30.7,25.2,80.0,1.2,7.3,3.0,1.0,Light Rain
2025-01-18,21.0,28.8,23.8,83.0,3.9,6.8,3.0,1.0,Light Rain
2025-01-19,21.4,31.0,23.8,86.0,1.0,1.7,3.0,0.0,Light Rain
2025-01-20,21.2,28.8,23.3,89.0,8.7,5.4,4.0,1.0,Light Rain
2025-01-21,21.2,27.4,22.8,86.0,20.9,2.2,4.0,1.0,Moderate Rain
2025-01-22,21.0,28.6,23.6,85.0,7.5,0.6,2.0,1.0,Light Rain
2025-01-23,20.0,30.2,23.1,84.0,4.5,1.3,3.0,1.0,Light Rain
2025-01-24,20.0,32.0,23.8,84.0,12.3,5.8,3.0,1.0,Light Rain
2025-01-25,20.7,31.4,24.0,87.0,104.4,4.9,3.0,0.0,Heavy Rain
2025-01-26,21.2,31.8,24.5,86.0,2.8,5.3,4.0,1.0,Light Rain
2025-01-27,21.2,30.8,24.5,83.0,5.5,6.2,2.0,0.0,Light Rain
2025-01-28,21.6,30.8,24.6,78.0,0.0,4.4,3.0,1.0,Partly Cloudy
2025-01-29,21.2,26.8,22.9,85.0,0.7,3.6,4.0,2.0,Light Rain
2025-01-30,20.8,26.2,22.2,89.0,1.4,0.0,3.0,1.0,Light Rain
2025-01-31,20.8,29.0,23.8,83.0,2.1,0.0,4.0,1.0,Light Rain
2025-02-01,21.3,28.8,23.9,84.0,0.2,0.0,4.0,1.0,Light Rain
2025-02-02,21.4,30.8,24.4,81.0,2.9,4.9,5.0,1.0,Light Rain
2025-02-03,21.8,30.2,24.8,82.0,0.0,4.0,4.0,1.0,Partly Cloudy
2025-02-04,22.1,28.4,24.6,75.0,0.7,3.5,3.0,1.0,Light Rain
2025-02-05,21.0,30.6,23.9,80.0,1.3,8.0,5.0,2.0,Light Rain
2025-02-06,21.4,27.0,23.7,81.0,2.0,2.6,6.0,1.0,Light Rain
2025-02-07,21.4,30.0,24.1,85.0,1.1,1.5,4.0,1.0,Light Rain
2025-02-08,21.2,32.2,24.6,83.0,0.2,4.8,7.0,1.0,Light Rain
2025-02-09,20.8,30.9,25.1,79.0,0.0,6.3,3.0,1.0,Partly Cloudy
2025-02-10,22.3,31.4,25.1,82.0,0.0,6.9,3.0,1.0,Partly Cloudy
2025-02-11,21.0,33.0,24.9,73.0,0.0,5.4,2.0,0.0,Partly Cloudy
2025-02-12,20.6,32.2,25.3,70.0,0.0,5.0,2.0,0.0,Partly Cloudy
2025-02-13,20.8,32.4,25.1,78.0,0.0,6.1,3.0,1.0,Partly Cloudy
2025-02-14,21.1,31.4,25.2,79.0,5.2,5.4,4.0,1.0,Light Rain
2025-02-15,21.4,31.4,24.3,83.0,4.4,5.7,4.0,1.0,Light Rain
2025-02-16,21.4,31.6,24.2,84.0,7.6,3.6,3.0,1.0,Light Rain
2025-02-17,21.8,30.6,23.6,85.0,10.7,3.6,4.0,0.0,Light Rain
2025-02-18,20.4,30.8,23.4,86.0,18.0,4.2,3.0,1.0,Light Rain
2025-02-19,20.8,31.0,23.3,87.0,5.2,5.1,5.0,1.0,Light Rain
2025-02-20,20.6,30.7,24.5,80.0,3.6,4.2,4.0,1.0,Light Rain
2025-02-21,21.6,32.6,25.0,84.0,0.2,8.0,3.0,1.0,Light Rain
2025-02-22,21.2,30.2,25.0,81.0,17.3,3.8,4.0,1.0,Light Rain
2025-02-23,21.6,30.8,24.2,82.0,0.0,6.4,4.0,1.0,Partly Cloudy
2025-02-24,21.0,30.4,22.8,91.0,0.1,2.3,2.0,0.0,Light Rain
2025-02-25,20.4,30.2,23.1,88.0,29.9,2.9,4.0,0.0,Moderate Rain
2025-02-26,20.6,30.0,23.5,87.0,20.7,1.0,2.0,0.0,Moderate Rain
2025-02-27,21.0,30.8,24.1,84.0,1.2,1.3,2.0,0.0,Light Rain
2025-02-28,21.2,29.0,22.5,93.0,9.6,3.1,2.0,0.0,Light Rain
2025-03-01,20.6,30.2,23.2,90.0,22.5,1.3,1.0,0.0,Moderate Rain
2025-03-02,21.4,30.0,24.2,86.0,27.7,3.4,3.0,0.0,Moderate Rain
2025-03-03,21.2,29.2,24.3,89.0,0.8,4.3,2.0,0.0,Light Rain
2025-03-04,22.0,30.2,24.3,87.0,13.1,2.1,3.0,0.0,Light Rain
2025-03-05,19.4,31.9,23.9,81.0,24.8,2.9,3.0,1.0,Moderate Rain
2025-03-06,20.8,30.6,24.0,85.0,0.0,6.0,3.0,0.0,Partly Cloudy
2025-03-07,20.6,30.8,23.4,86.0,20.0,5.6,3.0,0.0,Light Rain
2025-03-08,20.2,31.4,22.9,88.0,20.7,5.0,4.0,1.0,Moderate Rain
2025-03-09,20.0,28.6,23.3,90.0,28.5,4.0,2.0,0.0,Moderate Rain
2025-03-10,20.2,30.0,23.3,89.0,3.7,1.0,2.0,0.0,Light Rain
2025-03-11,20.2,32.2,24.9,78.0,1.6,2.3,4.0,1.0,Light Rain
2025-03-12,20.9,31.2,26.0,75.0,0.0,7.3,5.0,1.0,Cloudy
2025-03-13,21.8,31.4,25.1,82.0,4.6,6.3,4.0,1.0,Light Rain
2025-03-14,20.2,32.2,25.0,78.0,0.1,6.8,5.0,1.0,Light Rain
2025-03-15,21.4,31.0,23.6,85.0,27.9,5.9,4.0,1.0,Moderate Rain
2025-03-16,20.8,29.8,23.8,83.0,50.2,4.8,4.0,1.0,Heavy Rain
2025-03-17,20.4,31.1,24.0,81.0,0.0,3.2,3.0,1.0,Cloudy
2025-03-18,20.5,28.4,23.7,85.0,6.0,5.8,5.0,1.0,Light Rain
2025-03-19,21.8,30.8,25.3,76.0,0.0,1.4,3.0,1.0,Cloudy
2025-03-20,22.6,31.4,26.2,72.0,0.0,3.3,5.0,2.0,Cloudy
2025-03-21,22.1,29.6,25.0,78.0,0.0,7.6,4.0,2.0,Cloudy
2025-03-22,22.5,29.8,25.2,79.0,0.0,8.0,4.0,1.0,Cloudy
2025-03-23,21.8,31.0,25.1,76.0,0.0,5.1,5.0,1.0,Partly Cloudy
2025-03-24,21.6,30.0,25.2,73.0,0.0,7.8,4.0,1.0,Sunny
2025-03-25,21.2,28.2,24.2,77.0,4.0,4.3,6.0,1.0,Light Rain
2025-03-26,21.4,29.0,24.4,82.0,0.0,4.1,3.0,1.0,Partly Cloudy
2025-03-27,21.2,31.2,24.7,81.0,0.0,5.8,4.0,1.0,Partly Cloudy
2025-03-28,21.0,29.4,24.7,85.0,1.6,5.5,5.0,2.0,Light Rain
2025-03-29,20.8,30.8,25.7,71.0,16.3,6.3,4.0,1.0,Light Rain
2025-03-30,20.8,31.4,25.5,73.0,0.0,2.2,3.0,0.0,Cloudy
2025-03-31,21.2,30.8,25.6,75.0,0.0,7.8,3.0,0.0,Cloudy
2025-04-01,20.0,30.4,23.5,83.0,0.0,4.4,5.0,1.0,Partly Cloudy
2025-04-02,20.0,29.6,23.5,86.0,2.5,4.4,5.0,1.0,Light Rain
2025-04-03,21.0,30.2,24.7,83.0,6.7,3.2,4.0,0.0,Light Rain
2025-04-04,21.4,30.2,24.6,85.0,29.5,1.7,3.0,1.0,Moderate Rain
2025-04-05,22.2,30.0,25.1,82.0,0.0,6.2,3.0,1.0,Partly Cloudy
2025-04-06,20.4,29.4,23.3,88.0,11.0,4.0,2.0,0.0,Light Rain
2025-04-07,20.4,30.4,24.8,82.0,11.9,5.9,3.0,0.0,Light Rain
2025-04-08,19.8,29.6,23.9,83.0,1.0,6.4,3.0,1.0,Light Rain
2025-04-09,20.0,30.4,24.4,84.0,0.0,5.1,4.0,1.0,Partly Cloudy
2025-04-10,21.4,29.4,24.1,85.0,7.7,5.1,4.0,0.0,Light Rain
2025-04-11,21.2,30.0,24.0,86.0,27.5,2.4,2.0,0.0,Moderate Rain
2025-04-12,21.0,27.0,23.2,93.0,18.0,4.7,2.0,0.0,Light Rain
2025-04-13,20.4,27.2,22.8,93.0,5.5,0.0,2.0,0.0,Light Rain
2025-04-14,20.4,30.4,24.3,83.0,37.4,0.0,4.0,1.0,Moderate Rain
2025-04-15,20.4,27.4,23.7,89.0,4.5,0.0,0.0,0.0,Light Rain
2025-04-16,20.4,31.8,25.1,77.0,9.5,0.0,2.0,0.0,Light Rain
2025-04-17,20.8,28.2,24.2,79.0,0.0,6.0,3.0,1.0,Partly Cloudy
2025-04-18,21.4,28.2,23.8,85.0,22.0,3.0,3.0,0.0,Moderate Rain
2025-04-19,21.2,27.0,24.8,80.0,9.0,0.4,6.0,1.0,Light Rain
2025-04-20,21.2,31.2,25.1,79.0,0.0,6.2,3.0,1.0,Partly Cloudy
2025-04-21,21.2,28.6,24.5,81.0,0.0,5.0,2.0,0.0,Partly Cloudy
2025-04-22,21.0,30.6,24.6,78.0,8.5,1.9,4.0,1.0,Light Rain
2025-04-23,20.4,29.8,23.9,81.0,1.5,5.1,3.0,1.0,Light Rain
2025-04-24,20.4,29.6,24.3,82.0,1.0,6.1,4.0,0.0,Light Rain
2025-04-25,20.8,30.0,24.4,82.0,7.7,5.2,5.0,1.0,Light Rain
2025-04-26,20.6,29.8,25.0,81.0,6.0,5.1,3.0,1.0,Light Rain
2025-04-27,20.8,30.8,24.8,79.0,0.2,3.8,3.0,1.0,Light Rain
2025-04-28,21.0,31.4,24.9,76.0,0.0,7.3,3.0,0.0,Cloudy
2025-04-29,20.3,31.0,24.6,73.0,3.5,7.5,2.0,0.0,Light Rain
2025-04-30,19.4,30.6,23.8,73.0,1.0,6.0,4.0,0.0,Light Rain
2025-05-01,21.6,31.2,25.0,78.0,1.0,7.8,4.0,1.0,Light Rain
2025-05-02,19.8,31.2,24.5,74.0,1.2,7.5,5.0,1.0,Light Rain
2025-05-03,21.0,29.8,24.3,77.0,20.6,8.0,2.0,0.0,Moderate Rain
2025-05-04,21.0,27.4,23.8,89.0,0.7,3.7,1.0,0.0,Light Rain
2025-05-05,20.2,30.2,24.5,78.0,12.0,0.6,2.0,0.0,Light Rain
2025-05-06,20.2,31.4,24.7,79.0,1.5,7.3,2.0,0.0,Light Rain
2025-05-07,21.6,30.6,24.5,81.0,0.0,5.8,2.0,0.0,Partly Cloudy
2025-05-08,21.0,30.6,24.3,85.0,18.7,3.2,3.0,0.0,Light Rain
2025-05-09,21.0,29.8,24.9,81.0,24.1,5.5,3.0,1.0,Moderate Rain
2025-05-10,22.0,31.0,25.3,79.0,0.0,4.0,3.0,0.0,Partly Cloudy
2025-05-11,22.2,30.6,25.2,79.0,0.5,5.1,2.0,0.0,Light Rain
2025-05-12,21.8,31.2,25.5,74.0,0.0,6.4,4.0,1.0,Partly Cloudy
2025-05-13,23.0,27.8,23.5,91.0,1.2,4.0,3.0,0.0,Light Rain
2025-05-14,20.4,29.4,23.3,85.0,4.7,0.9,3.0,0.0,Light Rain
2025-05-15,20.0,30.4,23.8,84.0,45.0,3.0,4.0,1.0,Moderate Rain
2025-05-16,20.0,30.6,24.2,86.0,37.8,4.6,3.0,0.0,Moderate Rain
2025-05-17,21.0,30.4,24.0,82.0,19.7,3.0,2.0,0.0,Light Rain
2025-05-18,20.8,30.2,24.4,82.0,20.2,5.2,3.0,0.0,Moderate Rain
2025-05-19,21.2,30.0,24.7,81.0,12.1,5.5,4.0,1.0,Light Rain
2025-05-20,21.4,29.8,25.4,73.0,0.8,6.6,2.0,0.0,Light Rain
2025-05-21,22.2,27.6,22.8,92.0,6.5,3.3,1.0,0.0,Light Rain
2025-05-22,21.4,26.2,22.9,92.0,18.2,0.0,0.0,0.0,Light Rain
2025-05-23,21.4,25.6,22.6,92.0,4.7,0.1,1.0,0.0,Light Rain
2025-05-24,20.8,27.4,23.8,87.0,51.6,0.9,1.0,0.0,Heavy Rain
2025-05-25,20.6,29.2,24.0,82.0,1.0,0.5,2.0,0.0,Light Rain
2025-05-26,21.2,28.4,24.1,83.0,0.5,3.4,4.0,1.0,Light Rain
2025-05-27,22.0,31.2,26.1,67.0,0.0,2.3,3.0,1.0,Cloudy
2025-05-28,21.4,31.4,25.3,74.0,0.0,6.5,4.0,1.0,Partly Cloudy
2025-05-29,21.4,31.0,25.3,79.0,0.0,6.8,3.0,0.0,Partly Cloudy
2025-05-30,21.2,31.4,25.5,78.0,15.2,4.6,1.0,0.0,Light Rain
2025-05-31,22.0,31.4,25.3,73.0,0.0,7.7,3.0,1.0,Sunny
2025-06-01,21.2,28.0,23.4,78.0,35.5,7.5,2.0,0.0,Moderate Rain
2025-06-02,20.0,30.8,24.4,75.0,0.0,0.2,3.0,0.0,Cloudy
2025-06-03,21.6,30.0,24.4,78.0,0.0,4.2,2.0,0.0,Partly Cloudy
2025-06-04,20.0,30.4,24.5,74.0,0.0,1.1,2.0,0.0,Cloudy
2025-06-05,21.4,29.8,24.9,74.0,0.0,7.2,5.0,0.0,Sunny
2025-06-06,21.0,30.0,24.5,78.0,22.8,3.4,4.0,0.0,Moderate Rain
2025-06-07,20.6,30.8,24.0,81.0,45.5,5.5,2.0,0.0,Moderate Rain
2025-06-08,19.0,31.0,24.1,70.0,9.2,5.4,6.0,1.0,Light Rain
2025-06-09,19.0,30.0,24.6,79.0,0.0,7.8,3.0,0.0,Cloudy
2025-06-10,20.2,29.4,24.1,79.0,0.5,4.2,3.0,0.0,Light Rain
2025-06-11,22.0,28.6,23.7,86.0,4.9,5.1,1.0,0.0,Light Rain
2025-06-12,20.2,30.0,24.6,78.0,9.3,3.0,3.0,0.0,Light Rain
2025-06-13,20.0,31.4,24.7,74.0,0.0,6.0,3.0,0.0,Partly Cloudy
2025-06-14,19.8,29.8,24.0,80.0,0.0,7.2,3.0,0.0,Cloudy
2025-06-15,21.0,30.0,24.7,79.0,1.1,5.2,3.0,0.0,Light Rain
2025-06-16,20.4,30.2,24.3,77.0,1.7,2.6,0.0,0.0,Light Rain
2025-06-17,20.2,29.6,23.9,82.0,2.3,6.3,2.0,0.0,Light Rain
2025-06-18,21.0,29.2,23.3,86.0,20.2,3.9,2.0,0.0,Moderate Rain
2025-06-19,20.8,26.0,22.6,82.0,9.0,2.5,0.0,0.0,Light Rain
2025-06-20,20.2,29.2,23.3,80.0,0.0,0.0,2.0,0.0,Cloudy
2025-06-21,20.2,28.4,23.3,81.0,0.0,3.1,2.0,0.0,Cloudy
2025-06-22,21.6,30.4,24.4,80.0,0.1,4.3,3.0,0.0,Light Rain
2025-06-23,21.4,30.4,24.2,81.0,0.2,3.5,1.0,0.0,Light Rain
2025-06-24,19.8,28.4,23.1,80.0,0.0,2.2,2.0,0.0,Cloudy
2025-06-25,20.2,30.8,23.8,79.0,0.0,3.2,3.0,0.0,Cloudy
2025-06-26,19.3,31.6,24.3,75.0,5.7,6.9,3.0,1.0,Light Rain
2025-06-27,19.5,31.0,24.5,74.0,0.0,7.3,2.0,0.0,Sunny
2025-06-28,20.4,28.2,23.0,89.0,1.5,6.9,1.0,0.0,Light Rain
2025-06-29,19.2,28.2,22.6,81.0,6.5,0.6,3.0,0.0,Light Rain
2025-06-30,19.0,28.2,23.7,77.0,4.2,0.6,5.0,1.0,Light Rain
2025-07-01,19.0,28.0,23.7,84.0,1.8,4.4,2.0,0.0,Light Rain
2025-07-02,18.8,29.6,24.0,79.0,2.7,1.5,3.0,0.0,Light Rain
2025-07-03,20.8,29.2,24.5,82.0,28.9,4.3,2.0,0.0,Moderate Rain
2025-07-04,20.8,28.0,23.9,79.0,0.5,3.3,3.0,0.0,Light Rain
2025-07-05,21.2,29.1,23.7,80.0,0.3,2.9,2.0,0.0,Light Rain
2025-07-06,20.8,28.4,23.1,85.0,17.9,2.5,2.0,0.0,Light Rain
2025-07-07,20.8,30.2,23.9,82.0,1.7,3.2,1.0,0.0,Light Rain
2025-07-08,21.0,30.0,24.5,83.0,13.1,3.0,3.0,1.0,Light Rain
2025-07-09,20.0,30.8,24.0,71.0,7.5,5.8,3.0,1.0,Light Rain
2025-07-10,19.2,29.6,23.1,72.0,0.0,7.9,3.0,0.0,Sunny
2025-07-11,18.8,28.0,23.0,76.0,0.0,7.0,2.0,0.0,Cloudy
2025-07-12,19.6,29.8,23.7,76.0,0.0,3.9,2.0,0.0,Cloudy
2025-07-13,19.7,29.0,24.2,79.0,0.0,5.7,2.0,0.0,Partly Cloudy
2025-07-14,21.2,28.2,24.0,80.0,27.5,5.3,4.0,0.0,Moderate Rain
2025-07-15,18.2,30.4,23.5,66.0,3.8,1.4,2.0,0.0,Light Rain
2025-07-16,18.0,30.8,24.5,74.0,0.0,6.9,3.0,1.0,Partly Cloudy
2025-07-17,20.0,30.7,24.2,72.0,0.6,6.0,2.0,0.0,Light Rain
2025-07-18,20.0,30.2,24.0,70.0,0.0,7.1,3.0,1.0,Sunny
2025-07-19,19.8,31.2,24.3,68.0,0.0,7.0,1.0,0.0,Sunny
2025-07-20,19.4,29.4,23.7,66.0,0.0,7.8,2.0,0.0,Sunny
2025-07-21,19.0,30.0,23.3,71.0,0.0,6.2,2.0,0.0,Partly Cloudy
2025-07-22,17.6,31.2,23.1,68.0,0.0,7.3,2.0,0.0,Sunny
2025-07-23,18.8,30.0,23.2,76.0,0.0,7.5,2.0,0.0,Cloudy
2025-07-24,18.8,31.0,23.9,71.0,0.0,7.5,2.0,0.0,Sunny
2025-07-25,19.0,30.2,23.8,72.0,0.0,7.4,3.0,0.0,Sunny
2025-07-26,19.2,30.2,23.6,73.0,0.0,5.0,2.0,0.0,Partly Cloudy
2025-07-27,19.0,31.2,25.2,72.0,0.0,5.9,1.0,0.0,Partly Cloudy
2025-07-28,19.0,30.0,24.5,74.0,3.9,7.4,2.0,0.0,Light Rain
2025-07-29,21.0,30.5,24.7,76.0,2.7,5.8,4.0,1.0,Light Rain
2025-07-30,21.0,30.6,25.0,74.0,0.0,4.7,5.0,1.0,Partly Cloudy
2025-07-31,20.4,30.4,24.1,73.0,0.0,7.0,1.0,0.0,Sunny
2025-08-01,19.4,30.4,23.7,75.0,8.8,5.3,3.0,0.0,Light Rain
2025-08-02,18.4,32.0,23.5,66.0,0.0,7.0,3.0,0.0,Sunny
2025-08-03,19.2,32.2,23.5,76.0,0.0,7.9,2.0,0.0,Cloudy
2025-08-04,20.0,29.4,23.5,82.0,2.1,6.8,2.0,0.0,Light Rain
2025-08-05,19.8,30.2,23.5,79.0,14.8,2.8,3.0,1.0,Light Rain
2025-08-06,20.8,31.6,24.5,78.0,28.7,6.3,3.0,0.0,Moderate Rain
2025-08-07,19.2,30.4,24.3,74.0,22.5,7.3,4.0,0.0,Moderate Rain
2025-08-08,19.0,30.6,24.6,81.0,4.4,0.0,3.0,0.0,Light Rain
2025-08-09,21.8,29.8,24.4,79.0,9.0,4.8,2.0,0.0,Light Rain
2025-08-10,19.8,31.4,23.9,74.0,1.4,5.9,2.0,1.0,Light Rain
2025-08-11,20.4,28.6,23.3,79.0,0.5,7.4,3.0,0.0,Light Rain
2025-08-12,20.4,26.2,22.4,87.0,34.6,4.0,2.0,0.0,Moderate Rain
2025-08-13,19.6,27.6,22.0,88.0,22.5,0.0,2.0,0.0,Moderate Rain
2025-08-14,19.4,25.6,21.3,83.0,10.4,3.1,5.0,1.0,Light Rain
2025-08-15,17.2,29.8,22.4,65.0,0.2,0.6,3.0,0.0,Light Rain
2025-08-16,18.0,29.8,22.7,74.0,0.0,0.0,2.0,0.0,Cloudy
2025-08-17,18.2,30.8,23.0,73.0,7.8,5.5,6.0,0.0,Light Rain
2025-08-18,18.6,28.0,22.9,80.0,0.0,7.4,1.0,0.0,Cloudy
2025-08-19,20.2,25.6,22.2,89.0,5.0,3.2,0.0,0.0,Light Rain
2025-08-20,20.2,31.4,23.8,78.0,11.0,0.2,3.0,0.0,Light Rain
2025-08-21,20.8,29.2,24.1,76.0,8.1,2.7,4.0,1.0,Light Rain
2025-08-22,21.0,29.4,24.4,79.0,0.3,4.7,2.0,0.0,Light Rain
2025-08-23,20.0,30.0,23.9,75.0,0.4,4.6,2.0,1.0,Light Rain
2025-08-24,20.4,30.8,23.9,81.0,0.0,6.1,3.0,0.0,Partly Cloudy
2025-08-25,20.8,30.2,23.9,79.0,2.7,5.6,2.0,0.0,Light Rain
2025-08-26,18.0,31.6,23.4,65.0,5.5,4.7,3.0,1.0,Light Rain
2025-08-27,16.8,31.9,23.0,64.0,0.0,8.0,5.0,1.0,Sunny
2025-08-28,20.0,30.6,24.3,74.0,1.6,8.0,3.0,1.0,Light Rain
2025-08-29,19.6,30.0,23.1,76.0,0.0,5.1,3.0,0.0,Partly Cloudy
2025-08-30,21.6,28.8,24.2,76.0,3.3,5.1,1.0,0.0,Light Rain
2025-08-31,21.4,29.0,23.7,83.0,28.8,2.5,2.0,0.0,Moderate Rain
2025-09-01,20.6,30.4,24.2,77.0,1.0,1.9,2.0,0.0,Light Rain
2025-09-02,20.4,30.6,24.5,69.0,0.0,1.9,4.0,1.0,Cloudy
2025-09-03,20.6,32.0,25.2,68.0,0.0,8.0,5.0,1.0,Sunny
2025-09-04,20.6,30.8,24.7,70.0,0.0,8.0,2.0,0.0,Sunny
2025-09-05,19.8,29.8,23.5,80.0,2.4,7.0,3.0,0.0,Light Rain
2025-09-06,19.4,30.4,23.9,70.0,19.0,4.9,2.0,1.0,Light Rain
2025-09-07,18.4,31.0,23.9,57.0,9.5,6.6,3.0,0.0,Light Rain
2025-09-08,18.9,30.0,24.1,75.0,0.0,8.0,2.0,0.0,Cloudy
2025-09-09,20.6,28.4,22.0,85.0,26.6,4.8,0.0,0.0,Moderate Rain
2025-09-10,19.0,27.8,21.6,89.0,53.3,0.3,1.0,0.0,Heavy Rain
2025-09-11,19.0,28.8,23.0,90.0,29.7,3.9,3.0,0.0,Moderate Rain
2025-09-12,20.6,29.7,23.9,85.0,4.0,1.7,2.0,1.0,Light Rain
2025-09-13,19.5,30.8,24.1,74.0,18.4,6.2,4.0,0.0,Light Rain
2025-09-14,19.4,31.2,24.4,69.0,0.0,7.0,3.0,1.0,Sunny
2025-09-15,20.4,30.8,25.1,64.0,0.0,7.3,4.0,0.0,Sunny
2025-09-16,20.5,28.6,23.5,79.0,0.0,6.4,0.0,0.0,Partly Cloudy
2025-09-17,20.0,29.8,23.5,79.0,3.0,3.8,2.0,0.0,Light Rain
2025-09-18,20.6,27.6,23.0,84.0,51.0,4.6,3.0,0.0,Heavy Rain
2025-09-19,20.0,28.8,22.8,86.0,7.1,2.6,2.0,0.0,Light Rain
2025-09-20,20.0,28.2,22.6,82.0,0.0,2.7,4.0,0.0,Cloudy
2025-09-21,19.6,29.8,23.7,81.0,0.5,2.2,1.0,0.0,Light Rain
2025-09-22,19.6,33.3,26.1,68.0,0.0,4.4,2.0,0.0,Partly Cloudy
2025-09-23,20.4,31.6,24.8,75.0,0.0,6.9,2.0,0.0,Partly Cloudy
2025-09-24,20.6,30.8,24.0,76.0,0.3,5.2,3.0,0.0,Light Rain
2025-09-25,20.4,29.4,24.3,75.0,0.7,5.8,3.0,0.0,Light Rain
2025-09-26,21.0,30.2,24.4,80.0,1.0,4.4,0.0,0.0,Light Rain
2025-09-27,20.6,30.6,23.8,79.0,0.0,4.4,1.0,0.0,Partly Cloudy
2025-09-28,20.8,31.5,24.8,74.0,27.0,5.8,4.0,0.0,Moderate Rain
2025-09-29,21.0,30.1,23.4,77.0,0.0,8.0,3.0,0.0,Cloudy
2025-09-30,21.0,31.2,23.9,77.0,0.1,3.6,3.0,0.0,Light Rain
2025-10-01,19.4,29.4,23.7,78.0,31.0,1.8,2.0,0.0,Moderate Rain
2025-10-02,19.2,32.0,23.5,80.0,0.0,3.6,2.0,0.0,Cloudy
2025-10-03,19.6,32.2,24.2,78.0,2.2,3.9,2.0,0.0,Light Rain
2025-10-04,19.8,35.4,25.3,68.0,0.0,1.8,3.0,0.0,Cloudy
2025-10-05,19.8,33.2,23.6,71.0,0.0,8.0,2.0,0.0,Sunny
2025-10-06,20.1,33.0,25.1,71.0,0.0,5.1,4.0,1.0,Partly Cloudy
2025-10-07,21.0,31.0,24.7,74.0,0.0,7.5,3.0,0.0,Sunny
2025-10-08,20.2,33.4,24.8,71.0,0.0,5.5,3.0,0.0,Partly Cloudy
2025-10-09,18.6,33.6,23.2,75.0,11.0,6.0,4.0,1.0,Light Rain
2025-10-10,18.6,29.6,23.7,80.0,4.0,7.9,2.0,0.0,Light Rain
2025-10-11,20.8,31.1,24.1,80.0,10.4,4.9,2.0,0.0,Light Rain
2025-10-12,20.2,33.0,24.7,75.0,1.4,4.9,4.0,0.0,Light Rain
2025-10-13,20.8,33.2,25.7,73.0,0.0,6.9,2.0,0.0,Partly Cloudy
2025-10-14,21.6,34.4,26.2,70.0,0.0,3.1,3.0,1.0,Cloudy
2025-10-15,21.6,35.4,26.3,70.0,0.0,7.7,4.0,0.0,Sunny
2025-10-16,21.4,35.0,26.7,68.0,0.0,4.7,3.0,0.0,Partly Cloudy
2025-10-17,21.2,34.6,26.4,72.0,0.1,6.6,3.0,0.0,Light Rain
2025-10-18,21.8,31.6,25.3,80.0,11.5,5.9,2.0,0.0,Light Rain
2025-10-19,21.2,32.2,24.0,82.0,0.3,4.5,3.0,0.0,Light Rain
2025-10-20,21.6,31.8,24.2,79.0,3.5,3.6,2.0,0.0,Light Rain
2025-10-21,21.4,32.2,24.5,77.0,0.0,4.4,2.0,0.0,Partly Cloudy
2025-10-22,21.6,29.0,23.9,84.0,14.9,5.3,3.0,0.0,Light Rain
2025-10-23,21.0,31.7,23.1,86.0,7.8,2.5,2.0,0.0,Light Rain
2025-10-24,21.2,29.6,22.7,90.0,29.7,3.3,2.0,0.0,Moderate Rain
2025-10-25,20.4,31.4,23.1,82.0,58.1,1.1,5.0,0.0,Heavy Rain
2025-10-26,19.2,32.2,23.0,83.0,39.3,2.0,2.0,0.0,Moderate Rain
2025-10-27,20.4,32.4,24.2,84.0,2.0,5.3,7.0,0.0,Light Rain
2025-10-28,20.6,28.0,22.4,89.0,19.5,3.5,0.0,0.0,Light Rain
2025-10-29,20.2,28.0,23.3,85.0,3.0,0.0,0.0,0.0,Light Rain
2025-10-30,20.4,29.4,22.3,88.0,2.8,3.4,3.0,0.0,Light Rain
2025-10-31,19.0,32.4,22.7,86.0,3.6,2.7,2.0,0.0,Light Rain
2025-11-01,19.8,31.8,23.1,90.0,15.5,4.5,3.0,0.0,Light Rain
2025-11-02,20.6,29.5,23.0,88.0,26.1,3.5,3.0,0.0,Moderate Rain
2025-11-03,20.2,29.0,23.2,87.0,9.8,5.2,1.0,0.0,Light Rain
2025-11-04,20.2,32.7,24.2,81.0,3.5,4.1,4.0,0.0,Light Rain
2025-11-05,21.8,31.0,25.0,74.0,3.2,5.0,3.0,1.0,Light Rain
2025-11-06,21.8,31.8,24.9,71.0,2.8,2.3,3.0,1.0,Light Rain
2025-11-07,21.0,32.0,24.6,76.0,2.5,3.4,4.0,0.0,Light Rain
2025-11-08,20.8,31.2,23.4,84.0,10.7,6.6,4.0,1.0,Light Rain
2025-11-09,21.4,30.2,25.2,73.0,4.3,4.3,4.0,1.0,Light Rain
2025-11-10,21.4,32.4,25.3,75.0,0.0,7.9,3.0,1.0,Cloudy
2025-11-11,22.8,31.4,24.4,81.0,1.0,6.3,3.0,0.0,Light Rain
2025-11-12,21.2,26.6,23.2,86.0,50.0,2.7,1.0,0.0,Moderate Rain
2025-11-13,20.4,31.2,24.3,77.0,2.9,0.6,3.0,1.0,Light Rain
2025-11-14,21.6,29.2,24.1,77.0,0.8,3.6,3.0,0.0,Light Rain
2025-11-15,21.0,30.0,24.6,72.0,2.6,2.4,3.0,1.0,Light Rain
2025-11-16,21.0,29.7,24.4,78.0,0.0,6.3,3.0,0.0,Partly Cloudy
2025-11-17,21.8,32.0,25.1,71.0,0.0,1.2,4.0,1.0,Cloudy
2025-11-18,21.0,31.8,24.1,76.0,1.3,6.9,5.0,1.0,Light Rain
2025-11-19,19.8,32.0,23.1,84.0,6.0,2.1,4.0,1.0,Light Rain
2025-11-20,20.6,32.8,24.0,84.0,14.9,6.7,6.0,1.0,Light Rain
2025-11-21,21.0,30.2,24.7,74.0,5.1,5.8,3.0,0.0,Light Rain
2025-11-22,21.4,29.8,22.7,86.0,17.5,7.2,3.0,0.0,Light Rain
2025-11-23,20.8,29.0,23.4,83.0,30.0,0.6,5.0,1.0,Moderate Rain
2025-11-24,21.0,33.6,25.5,64.0,15.0,1.4,4.0,0.0,Light Rain
2025-11-25,20.2,32.0,25.1,67.0,0.0,7.1,2.0,0.0,Sunny
2025-11-26,20.0,33.0,25.0,72.0,0.0,7.2,2.0,0.0,Sunny
2025-11-27,21.2,30.0,24.8,78.0,0.0,8.0,4.0,0.0,Cloudy
2025-11-28,20.6,30.5,24.3,78.0,19.8,4.7,2.0,0.0,Light Rain
2025-11-29,20.5,31.0,24.3,76.0,0.0,4.5,4.0,1.0,Partly Cloudy
2025-11-30,20.6,31.4,24.9,79.0,13.0,6.7,2.0,0.0,Light Rain
